"y","m","ym_num","prov","n","n_predicted","excess_mort","ratio"
1399,2,1399.125,"آذربايجان شرقي",2113,1742.6,370.4,0.175295787979177
1400,2,1400.125,"آذربايجان شرقي",3497,1742.6,1754.4,0.50168716042322
1399,3,1399.20833333333,"آذربايجان شرقي",2222,1704.6,517.4,0.232853285328533
1400,3,1400.20833333333,"آذربايجان شرقي",2480,1704.6,775.4,0.312661290322581
1401,3,1401.20833333333,"آذربايجان شرقي",2148,1704.6,443.4,0.206424581005587
1399,4,1399.29166666667,"آذربايجان شرقي",2684,1752.8,931.2,0.346944858420268
1400,4,1400.29166666667,"آذربايجان شرقي",2415,1752.8,662.2,0.274202898550725
1399,5,1399.375,"آذربايجان شرقي",2972,1912.2,1059.8,0.356594885598923
1399,6,1399.45833333333,"آذربايجان شرقي",2252,1785,467,0.207371225577265
1400,6,1400.45833333333,"آذربايجان شرقي",4047,1785,2262,0.558932542624166
1401,6,1401.45833333333,"آذربايجان شرقي",2020,1785,235,0.116336633663366
1399,7,1399.54166666667,"آذربايجان شرقي",2758,1774.2,983.8,0.35670775924583
1400,7,1400.54166666667,"آذربايجان شرقي",3465,1774.2,1690.8,0.487965367965368
1399,8,1399.625,"آذربايجان شرقي",4368,1740,2628,0.601648351648352
1400,8,1400.625,"آذربايجان شرقي",2497,1740,757,0.303163796555867
1399,9,1399.70833333333,"آذربايجان شرقي",3269,1947.2,1321.8,0.404343836035485
1399,10,1399.79166666667,"آذربايجان شرقي",2478,1928.75,549.25,0.221650524616626
1399,12,1399.95833333333,"آذربايجان شرقي",2214,1801.8,412.2,0.186178861788618
1400,12,1400.95833333333,"آذربايجان شرقي",2843,1801.8,1041.2,0.366232852620471
1400,1,1400.04166666667,"آذربايجان غربي",1625,1184.6,440.4,0.271015384615385
1400,2,1400.125,"آذربايجان غربي",2165,1181.2,983.8,0.454411085450346
1399,4,1399.29166666667,"آذربايجان غربي",2132,1208.6,923.4,0.433114446529081
1400,4,1400.29166666667,"آذربايجان غربي",1584,1208.6,375.4,0.23699494949495
1399,5,1399.375,"آذربايجان غربي",1886,1240.2,645.8,0.342417815482503
1400,5,1400.375,"آذربايجان غربي",1570,1240.2,329.8,0.210063694267516
1401,5,1401.375,"آذربايجان غربي",1483,1240.2,242.8,0.16372218476062
1399,6,1399.45833333333,"آذربايجان غربي",1292,1184.4,107.6,0.08328173374613
1400,6,1400.45833333333,"آذربايجان غربي",2688,1184.4,1503.6,0.559375
1401,6,1401.45833333333,"آذربايجان غربي",1400,1184.4,215.6,0.154
1399,7,1399.54166666667,"آذربايجان غربي",1738,1150.6,587.4,0.337974683544304
1400,7,1400.54166666667,"آذربايجان غربي",2425,1150.6,1274.4,0.525525773195876
1399,8,1399.625,"آذربايجان غربي",3450,1151.6,2298.4,0.666202898550725
1400,8,1400.625,"آذربايجان غربي",1774,1151.6,622.4,0.350845546786922
1399,9,1399.70833333333,"آذربايجان غربي",2417,1303,1114,0.460901944559371
1399,10,1399.79166666667,"آذربايجان غربي",1708,1283.25,424.75,0.248682669789227
1399,12,1399.95833333333,"آذربايجان غربي",1512,1193,319,0.210978835978836
1400,12,1400.95833333333,"آذربايجان غربي",1907,1193,714,0.3744100681699
1399,1,1399.04166666667,"اردبيل",705,550.6,154.4,0.219007092198582
1400,1,1400.04166666667,"اردبيل",753,550.6,202.4,0.268791500664011
1399,2,1399.125,"اردبيل",729,545,184,0.252400548696845
1400,2,1400.125,"اردبيل",1006,545,461,0.458250497017893
1399,3,1399.20833333333,"اردبيل",636,519.4,116.6,0.183333333333333
1400,3,1400.20833333333,"اردبيل",705,519.4,185.6,0.263262411347518
1401,3,1401.20833333333,"اردبيل",694,519.4,174.6,0.251585014409222
1399,4,1399.29166666667,"اردبيل",800,507,293,0.36625
1400,4,1400.29166666667,"اردبيل",667,507,160,0.239880059970015
1401,4,1401.29166666667,"اردبيل",624,507,117,0.1875
1399,5,1399.375,"اردبيل",1085,541,544,0.501382488479263
1400,5,1400.375,"اردبيل",726,541,185,0.254820936639118
1399,6,1399.45833333333,"اردبيل",694,548,146,0.210374639769452
1400,6,1400.45833333333,"اردبيل",1373,548,825,0.600873998543336
1400,7,1400.54166666667,"اردبيل",806,571.6,234.4,0.290818858560794
1399,8,1399.625,"اردبيل",969,538.2,430.8,0.444582043343653
1400,8,1400.625,"اردبيل",644,538.2,105.8,0.164285714285714
1399,9,1399.70833333333,"اردبيل",1018,582,436,0.428290766208251
1400,9,1400.70833333333,"اردبيل",718,582,136,0.18941504178273
1399,10,1399.79166666667,"اردبيل",831,688.69999999999,142.30000000001,0.171239470517461
1400,12,1400.95833333333,"اردبيل",877,562.2,314.8,0.358950969213227
1399,1,1399.04166666667,"اصفهان",2492,2096.80000000002,395.199999999983,0.158587479935788
1399,2,1399.125,"اصفهان",2214,1822,392,0.177055103884372
1400,2,1400.125,"اصفهان",3859,1822,2037,0.527856957761078
1399,4,1399.29166666667,"اصفهان",2579,2091.50000000001,487.499999999985,0.189026754556024
1399,5,1399.375,"اصفهان",3194,2089.80000000002,1104.19999999998,0.345710707576701
1400,5,1400.375,"اصفهان",3290,2161.40000000001,1128.59999999999,0.343039513677809
1399,6,1399.45833333333,"اصفهان",2564,1884.6,679.4,0.264976599063963
1400,6,1400.45833333333,"اصفهان",4834,1884.6,2949.4,0.610136532892015
1401,6,1401.45833333333,"اصفهان",2110,1884.6,225.4,0.106824644549763
1399,7,1399.54166666667,"اصفهان",3283,1852.2,1430.8,0.435820895522388
1400,7,1400.54166666667,"اصفهان",3616,1852.2,1763.8,0.487776548672566
1399,8,1399.625,"اصفهان",4426,1833.2,2592.8,0.585811116131948
1400,8,1400.625,"اصفهان",2569,1833.2,735.8,0.28641494745037
1399,9,1399.70833333333,"اصفهان",3169,2147,1022,0.322499211107605
1399,10,1399.79166666667,"اصفهان",2581,2081.25,499.75,0.193626501356064
1399,12,1399.95833333333,"اصفهان",2260,1913.4,346.6,0.153362831858407
1400,12,1400.95833333333,"اصفهان",3135,1913.4,1221.6,0.389665071770335
1399,1,1399.04166666667,"البرز",1122,799,323,0.287878787878788
1400,1,1400.04166666667,"البرز",1632,799,833,0.510416666666667
1400,2,1400.125,"البرز",2233,833.6,1399.4,0.626690550828482
1401,2,1401.125,"البرز",1032,833.6,198.4,0.192248062015504
1399,3,1399.20833333333,"البرز",1152,928.400000000001,223.599999999999,0.194097222222221
1400,3,1400.20833333333,"البرز",1240,974,266,0.214516129032258
1399,4,1399.29166666667,"البرز",1387,844.899999999994,542.100000000006,0.390843547224229
1400,4,1400.29166666667,"البرز",1377,868.799999999988,508.200000000012,0.369063180827895
1401,4,1401.29166666667,"البرز",1204,892.69999999999,311.30000000001,0.258554817275756
1399,5,1399.375,"البرز",1642,970.900000000001,671.099999999999,0.408708891595614
1400,5,1400.375,"البرز",2023,1011.8,1011.2,0.499851705388036
1399,6,1399.45833333333,"البرز",1062,803.2,258.8,0.243691148775894
1400,6,1400.45833333333,"البرز",2173,803.2,1369.8,0.630372756557754
1401,6,1401.45833333333,"البرز",968,803.2,164.8,0.170247933884297
1399,7,1399.54166666667,"البرز",1567,798.4,768.6,0.490491384811742
1400,7,1400.54166666667,"البرز",1589,798.4,790.6,0.497545626179987
1399,8,1399.625,"البرز",2036,899.399999999994,1136.60000000001,0.55825147347741
1399,9,1399.70833333333,"البرز",1469,843.6,625.4,0.42573179033356
1399,10,1399.79166666667,"البرز",1197,905.25,291.75,0.243734335839599
1400,11,1400.875,"البرز",1217,848.2,368.8,0.30304026294166
1399,12,1399.95833333333,"البرز",1190,901.799999999981,288.200000000019,0.242184873949596
1400,12,1400.95833333333,"البرز",1622,934.39999999998,687.60000000002,0.423921085080161
1400,2,1400.125,"ايلام",284,193.6,90.4,0.31830985915493
1399,3,1399.20833333333,"ايلام",235,184.8,50.2,0.213617021276596
1400,3,1400.20833333333,"ايلام",236,184.8,51.2,0.216949152542373
1401,3,1401.20833333333,"ايلام",252,184.8,67.2,0.266666666666667
1399,4,1399.29166666667,"ايلام",309,191,118,0.381877022653722
1399,5,1399.375,"ايلام",330,175.099999999999,154.900000000001,0.469393939393944
1400,5,1400.375,"ايلام",289,168.799999999999,120.200000000001,0.415916955017304
1401,5,1401.375,"ايلام",211,162.5,48.5,0.229857819905213
1399,6,1399.45833333333,"ايلام",231,200.4,30.6,0.132467532467532
1400,6,1400.45833333333,"ايلام",441,200.4,240.6,0.545578231292517
1399,7,1399.54166666667,"ايلام",257,195.8,61.2,0.238132295719844
1400,7,1400.54166666667,"ايلام",309,195.8,113.2,0.366343042071197
1399,8,1399.625,"ايلام",544,193.8,350.2,0.64375
1400,8,1400.625,"ايلام",249,193.8,55.2,0.221686746987952
1399,9,1399.70833333333,"ايلام",409,219.6,189.4,0.463080684596577
1399,12,1399.95833333333,"ايلام",223,132.400000000001,90.5999999999985,0.406278026905823
1400,12,1400.95833333333,"ايلام",335,110.300000000003,224.699999999997,0.670746268656708
1400,1,1400.04166666667,"بوشهر",439,337,102,0.232346241457859
1400,2,1400.125,"بوشهر",645,306,339,0.525581395348837
1401,2,1401.125,"بوشهر",381,306,75,0.196850393700787
1400,3,1400.20833333333,"بوشهر",446,308.2,137.8,0.308968609865471
1399,4,1399.29166666667,"بوشهر",566,312.4,253.6,0.448056537102474
1400,4,1400.29166666667,"بوشهر",432,312.4,119.6,0.276851851851852
1401,4,1401.29166666667,"بوشهر",411,312.4,98.6,0.239902676399027
1399,5,1399.375,"بوشهر",631,320.8,310.2,0.491600633914422
1400,5,1400.375,"بوشهر",721,320.8,400.2,0.555062413314841
1401,5,1401.375,"بوشهر",396,320.8,75.2,0.18989898989899
1399,6,1399.45833333333,"بوشهر",511,340.2,170.8,0.334246575342466
1400,6,1400.45833333333,"بوشهر",860,340.2,519.8,0.604418604651163
1399,8,1399.625,"بوشهر",555,380.699999999997,174.300000000003,0.314054054054059
1399,12,1399.95833333333,"بوشهر",484,359,125,0.258264462809917
1400,12,1400.95833333333,"بوشهر",655,359,296,0.451908396946565
1399,1,1399.04166666667,"تهران",6455,5184.5,1270.5,0.196824167312161
1400,1,1400.04166666667,"تهران",6363,5425.40000000002,937.599999999977,0.147351878044944
1399,2,1399.125,"تهران",5764,4576.2,1187.8,0.206072172102706
1400,2,1400.125,"تهران",9985,4576.2,5408.8,0.541692538808212
1399,4,1399.29166666667,"تهران",6244,4439.8,1804.2,0.288949391415759
1400,4,1400.29166666667,"تهران",6277,4439.8,1837.2,0.292687589612872
1401,4,1401.29166666667,"تهران",5419,4439.8,979.2,0.180697545672633
1399,5,1399.375,"تهران",8016,4650.2,3365.8,0.419885229540918
1400,5,1400.375,"تهران",9777,4650.2,5126.8,0.524373529712591
1399,6,1399.45833333333,"تهران",5913,4466.2,1446.8,0.244681210891257
1400,6,1400.45833333333,"تهران",11779,4466.2,7312.8,0.62083368707021
1401,6,1401.45833333333,"تهران",5462,4466.2,995.8,0.182314170633468
1399,7,1399.54166666667,"تهران",7396,4610.2,2785.8,0.376663061114116
1400,7,1400.54166666667,"تهران",8342,4610.2,3731.8,0.447350755214577
1399,8,1399.625,"تهران",10358,4624.4,5733.6,0.553543155049237
1400,8,1400.625,"تهران",5964,4624.4,1339.6,0.224614352783367
1399,9,1399.70833333333,"تهران",7370,5093.4,2276.6,0.308900949796472
1399,10,1399.79166666667,"تهران",6408,5161.25,1246.75,0.194561485642946
1399,12,1399.95833333333,"تهران",5858,4773.4,1084.6,0.185148514851485
1400,12,1400.95833333333,"تهران",8042,4773.4,3268.6,0.406441183785128
1400,1,1400.04166666667,"چهارمحال و بختياري",399,334.2,64.8,0.162406015037594
1401,1,1401.04166666667,"چهارمحال و بختياري",373,334.2,38.8,0.10402144772118
1400,2,1400.125,"چهارمحال و بختياري",645,361.4,283.6,0.43968992248062
1399,7,1399.54166666667,"چهارمحال و بختياري",483,370.8,112.2,0.232298136645963
1400,7,1400.54166666667,"چهارمحال و بختياري",555,370.8,184.2,0.331891891891892
1399,8,1399.625,"چهارمحال و بختياري",710,218.799999999996,491.200000000004,0.691830985915499
1400,8,1400.625,"چهارمحال و بختياري",448,180.799999999996,267.200000000004,0.596428571428581
1399,9,1399.70833333333,"چهارمحال و بختياري",555,348.2,206.8,0.372612612612613
1399,2,1399.125,"خراسان جنوبي",344,296,48,0.13953488372093
1400,2,1400.125,"خراسان جنوبي",492,296,196,0.398373983739837
1399,4,1399.29166666667,"خراسان جنوبي",414,279.4,134.6,0.32512077294686
1401,4,1401.29166666667,"خراسان جنوبي",376,279.4,96.6,0.256914893617021
1399,5,1399.375,"خراسان جنوبي",400,342.900000000001,57.0999999999985,0.142749999999996
1400,5,1400.375,"خراسان جنوبي",402,353.000000000002,48.9999999999982,0.121890547263677
1400,6,1400.45833333333,"خراسان جنوبي",549,287.8,261.2,0.475774134790528
1399,8,1399.625,"خراسان جنوبي",730,308.4,421.6,0.577534246575342
1400,8,1400.625,"خراسان جنوبي",340,308.4,31.6,0.0929411764705883
1399,9,1399.70833333333,"خراسان جنوبي",558,374.2,183.8,0.329390681003584
1400,12,1400.95833333333,"خراسان جنوبي",540,314.8,225.2,0.417037037037037
1400,2,1400.125,"خراسان رضوي",3992,2425.8,1566.2,0.392334669338677
1399,3,1399.20833333333,"خراسان رضوي",3070,2389.4,680.6,0.221693811074919
1400,3,1400.20833333333,"خراسان رضوي",3157,2389.4,767.6,0.243142223630028
1399,4,1399.29166666667,"خراسان رضوي",3861,2308.4,1552.6,0.402123802123802
1400,4,1400.29166666667,"خراسان رضوي",2813,2308.4,504.6,0.179381443298969
1401,4,1401.29166666667,"خراسان رضوي",2910,2308.4,601.6,0.206735395189003
1399,5,1399.375,"خراسان رضوي",4685,2400.4,2284.6,0.487641408751334
1400,5,1400.375,"خراسان رضوي",4897,2400.4,2496.6,0.509822340208291
1401,5,1401.375,"خراسان رضوي",2937,2400.4,536.6,0.182703438883214
1400,6,1400.45833333333,"خراسان رضوي",7494,2421.8,5072.2,0.676834801174273
1400,7,1400.54166666667,"خراسان رضوي",3737,2454.6,1282.4,0.343162964945143
1399,8,1399.625,"خراسان رضوي",5080,2489,2591,0.51003937007874
1400,8,1400.625,"خراسان رضوي",2793,2489,304,0.108843537414966
1399,9,1399.70833333333,"خراسان رضوي",4133,2794.8,1338.2,0.323784176143237
1399,10,1399.79166666667,"خراسان رضوي",3303,2671,632,0.191341204965183
1400,12,1400.95833333333,"خراسان رضوي",3877,2453.8,1423.2,0.367087954604075
1399,2,1399.125,"خراسان شمالي",443,369,74,0.167042889390519
1400,2,1400.125,"خراسان شمالي",585,369,216,0.369230769230769
1399,3,1399.20833333333,"خراسان شمالي",428,359.4,68.6,0.160280373831776
1400,3,1400.20833333333,"خراسان شمالي",456,359.4,96.6,0.211842105263158
1399,4,1399.29166666667,"خراسان شمالي",512,345.8,166.2,0.324609375
1399,5,1399.375,"خراسان شمالي",619,463,156,0.252019386106624
1399,6,1399.45833333333,"خراسان شمالي",472,358,114,0.241525423728814
1400,6,1400.45833333333,"خراسان شمالي",1099,358,741,0.674249317561419
1400,7,1400.54166666667,"خراسان شمالي",567,356.8,210.2,0.370723104056437
1399,8,1399.625,"خراسان شمالي",625,353.2,271.8,0.43488
1399,10,1399.79166666667,"خراسان شمالي",428,385.5,42.5,0.0992990654205607
1400,12,1400.95833333333,"خراسان شمالي",655,365,290,0.442748091603053
1400,1,1400.04166666667,"خوزستان",2671,1922.8,748.199999999997,0.28011980531636
1400,2,1400.125,"خوزستان",3352,1620.8,1731.2,0.516467780429594
1399,3,1399.20833333333,"خوزستان",2497,1517,980,0.39247096515819
1400,3,1400.20833333333,"خوزستان",2079,1517,562,0.27032227032227
1401,3,1401.20833333333,"خوزستان",1959,1517,442,0.225625319040327
1399,4,1399.29166666667,"خوزستان",4008,1495,2513,0.626996007984032
1400,4,1400.29166666667,"خوزستان",1972,1495,477,0.241886409736308
1401,4,1401.29166666667,"خوزستان",1714,1495,219,0.127771295215869
1399,5,1399.375,"خوزستان",2645,1562,1083,0.40945179584121
1400,5,1400.375,"خوزستان",2274,1562,712,0.313104661389622
1401,5,1401.375,"خوزستان",1886,1562,324,0.171792152704136
1399,6,1399.45833333333,"خوزستان",1783,1630.4,152.6,0.0855860908581043
1400,6,1400.45833333333,"خوزستان",4862,1630.4,3231.6,0.664664747017688
1401,6,1401.45833333333,"خوزستان",1788,1630.4,157.6,0.0881431767337807
1399,7,1399.54166666667,"خوزستان",2133,1651.2,481.8,0.225879043600563
1400,7,1400.54166666667,"خوزستان",2767,1651.2,1115.8,0.403252620166245
1399,8,1399.625,"خوزستان",2511,1641.6,869.4,0.346236559139785
1400,8,1400.625,"خوزستان",1970,1641.6,328.4,0.166700507614213
1399,12,1399.95833333333,"خوزستان",2730,1751.4,978.6,0.358461538461538
1400,12,1400.95833333333,"خوزستان",2771,1751.4,1019.6,0.367953807289787
1399,2,1399.125,"زنجان",499,420.6,78.4,0.157114228456914
1400,2,1400.125,"زنجان",902,420.6,481.4,0.53370288248337
1399,3,1399.20833333333,"زنجان",481,387.8,93.2,0.193762993762994
1400,3,1400.20833333333,"زنجان",547,387.8,159.2,0.291042047531993
1401,3,1401.20833333333,"زنجان",474,387.8,86.2,0.181856540084388
1399,4,1399.29166666667,"زنجان",658,413.4,244.6,0.371732522796353
1401,4,1401.29166666667,"زنجان",522,413.4,108.6,0.208045977011494
1399,5,1399.375,"زنجان",745,431.8,313.2,0.420402684563758
1400,5,1400.375,"زنجان",493,431.8,61.2,0.124137931034483
1399,6,1399.45833333333,"زنجان",514,398.6,115.4,0.224513618677043
1400,6,1400.45833333333,"زنجان",813,398.6,414.4,0.509717097170972
1399,7,1399.54166666667,"زنجان",608,426.4,181.6,0.298684210526316
1400,7,1400.54166666667,"زنجان",645,426.4,218.6,0.338914728682171
1399,8,1399.625,"زنجان",868,414.8,453.2,0.522119815668203
1400,8,1400.625,"زنجان",533,414.8,118.2,0.221763602251407
1399,9,1399.70833333333,"زنجان",866,426,440,0.508083140877598
1399,10,1399.79166666667,"زنجان",593,454,139,0.234401349072513
1400,12,1400.95833333333,"زنجان",662,424.2,237.8,0.359214501510574
1400,2,1400.125,"سمنان",496,264.6,231.4,0.466532258064516
1400,3,1400.20833333333,"سمنان",340,254,86,0.252941176470588
1399,4,1399.29166666667,"سمنان",305,262.8,42.2,0.138360655737705
1400,4,1400.29166666667,"سمنان",313,262.8,50.2,0.16038338658147
1401,4,1401.29166666667,"سمنان",315,262.8,52.2,0.165714285714286
1399,5,1399.375,"سمنان",458,259.8,198.2,0.432751091703057
1400,5,1400.375,"سمنان",396,259.8,136.2,0.343939393939394
1401,5,1401.375,"سمنان",319,259.8,59.2,0.185579937304075
1400,6,1400.45833333333,"سمنان",554,305.200000000004,248.799999999996,0.44909747292418
1399,7,1399.54166666667,"سمنان",369,271.6,97.4,0.263956639566396
1400,7,1400.54166666667,"سمنان",416,271.6,144.4,0.347115384615385
1399,8,1399.625,"سمنان",658,282.4,375.6,0.570820668693009
1400,8,1400.625,"سمنان",351,282.4,68.6,0.195441595441596
1399,9,1399.70833333333,"سمنان",496,291.2,204.8,0.412903225806452
1400,9,1400.70833333333,"سمنان",389,291.2,97.8,0.251413881748072
1399,10,1399.79166666667,"سمنان",393,294,99,0.251908396946565
1399,12,1399.95833333333,"سمنان",368,267.2,100.8,0.273913043478261
1400,12,1400.95833333333,"سمنان",488,267.2,220.8,0.452459016393443
1400,3,1400.20833333333,"سيستان و بلوچستان",1351,967.6,383.4,0.283789785344189
1401,3,1401.20833333333,"سيستان و بلوچستان",1271,967.6,303.4,0.238709677419355
1399,4,1399.29166666667,"سيستان و بلوچستان",1484,989,495,0.33355795148248
1400,4,1400.29166666667,"سيستان و بلوچستان",1427,989,438,0.306937631394534
1399,5,1399.375,"سيستان و بلوچستان",1424,1040.2,383.8,0.269522471910112
1400,5,1400.375,"سيستان و بلوچستان",1793,1040.2,752.8,0.419854991634133
1400,6,1400.45833333333,"سيستان و بلوچستان",2004,1043.2,960.8,0.479441117764471
1399,10,1399.79166666667,"سيستان و بلوچستان",1544,1180.5,363.5,0.235427461139896
1400,1,1400.04166666667,"فارس",2284,1744.6,539.4,0.236164623467601
1400,2,1400.125,"فارس",3315,1738.4,1576.6,0.475595776772247
1400,3,1400.20833333333,"فارس",2235,1692.2,542.8,0.242863534675615
1401,3,1401.20833333333,"فارس",2238,1692.2,545.8,0.243878462913315
1399,4,1399.29166666667,"فارس",2467,1659,808,0.327523307661127
1400,4,1400.29166666667,"فارس",2099,1659,440,0.209623630300143
1401,4,1401.29166666667,"فارس",2053,1659,394,0.19191427179737
1399,5,1399.375,"فارس",2710,1707,1003,0.370110701107011
1400,5,1400.375,"فارس",2678,1707,971,0.362584017923824
1401,5,1401.375,"فارس",2070,1707,363,0.17536231884058
1399,6,1399.45833333333,"فارس",2035,1771.6,263.4,0.129434889434889
1400,6,1400.45833333333,"فارس",3712,1771.6,1940.4,0.522737068965517
1401,6,1401.45833333333,"فارس",2106,1771.6,334.4,0.158784425451092
1399,7,1399.54166666667,"فارس",2124,1732.2,391.8,0.184463276836158
1400,7,1400.54166666667,"فارس",2679,1732.2,946.8,0.353415453527436
1399,8,1399.625,"فارس",3880,1696.2,2183.8,0.562835051546392
1400,8,1400.625,"فارس",2305,1696.2,608.8,0.26412147505423
1399,9,1399.70833333333,"فارس",3696,1961.6,1734.4,0.469264069264069
1400,9,1400.70833333333,"فارس",2498,1961.6,536.4,0.214731785428343
1399,10,1399.79166666667,"فارس",2570,1920,650,0.252918287937743
1400,12,1400.95833333333,"فارس",3232,1836.2,1395.8,0.431868811881188
1399,1,1399.04166666667,"قزوين",737,477.9,259.1,0.351560379918589
1400,1,1400.04166666667,"قزوين",651,486.200000000001,164.799999999999,0.253149001536097
1399,2,1399.125,"قزوين",649,490.6,158.4,0.244067796610169
1400,2,1400.125,"قزوين",957,490.6,466.4,0.48735632183908
1399,3,1399.20833333333,"قزوين",658,483,175,0.265957446808511
1400,3,1400.20833333333,"قزوين",686,483,203,0.295918367346939
1401,3,1401.20833333333,"قزوين",585,483,102,0.174358974358974
1399,4,1399.29166666667,"قزوين",770,473,297,0.385714285714286
1401,4,1401.29166666667,"قزوين",579,473,106,0.18307426597582
1399,5,1399.375,"قزوين",761,522,239,0.314060446780552
1400,5,1400.375,"قزوين",664,522,142,0.213855421686747
1399,6,1399.45833333333,"قزوين",657,475.6,181.4,0.276103500761035
1400,6,1400.45833333333,"قزوين",1237,475.6,761.4,0.61552142279709
1401,6,1401.45833333333,"قزوين",558,475.6,82.4,0.147670250896057
1399,7,1399.54166666667,"قزوين",711,493.2,217.8,0.306329113924051
1400,7,1400.54166666667,"قزوين",783,493.2,289.8,0.370114942528736
1399,8,1399.625,"قزوين",1020,486,534,0.523529411764706
1400,8,1400.625,"قزوين",602,486,116,0.192691029900332
1399,9,1399.70833333333,"قزوين",876,499.8,376.2,0.429452054794521
1400,9,1400.70833333333,"قزوين",616,499.8,116.2,0.188636363636364
1399,10,1399.79166666667,"قزوين",678,513.25,164.75,0.242994100294985
1400,10,1400.79166666667,"قزوين",564,513.25,50.75,0.0899822695035461
1400,12,1400.95833333333,"قزوين",810,475.2,334.8,0.413333333333333
1399,1,1399.04166666667,"قم",664,486.4,177.6,0.267469879518072
1400,2,1400.125,"قم",914,469.8,444.2,0.485995623632385
1400,3,1400.20833333333,"قم",622,454.8,167.2,0.268810289389067
1399,4,1399.29166666667,"قم",632,460.8,171.2,0.270886075949367
1400,4,1400.29166666667,"قم",585,460.8,124.2,0.212307692307692
1401,4,1401.29166666667,"قم",597,460.8,136.2,0.228140703517588
1399,5,1399.375,"قم",817,480.6,336.4,0.411750305997552
1400,5,1400.375,"قم",1076,480.6,595.4,0.553345724907063
1399,6,1399.45833333333,"قم",589,485.2,103.8,0.176230899830221
1400,6,1400.45833333333,"قم",1454,485.2,968.8,0.666299862448418
1399,7,1399.54166666667,"قم",967,539.400000000001,427.599999999999,0.442192347466389
1400,7,1400.54166666667,"قم",902,565.599999999999,336.400000000001,0.372949002217296
1399,8,1399.625,"قم",942,462.6,479.4,0.508917197452229
1400,8,1400.625,"قم",652,462.6,189.4,0.290490797546012
1400,11,1400.875,"قم",658,505,153,0.232522796352584
1398,12,1398.95833333333,"قم",1042,480.8,561.2,0.538579654510557
1400,12,1400.95833333333,"قم",621,480.8,140.2,0.225764895330113
1399,2,1399.125,"کردستان",710,590.8,119.2,0.167887323943662
1400,2,1400.125,"کردستان",1019,590.8,428.2,0.420215897939156
1399,4,1399.29166666667,"کردستان",1406,573,833,0.592460881934566
1401,4,1401.29166666667,"کردستان",662,573,89,0.134441087613293
1399,5,1399.375,"کردستان",981,610,371,0.378185524974516
1400,5,1400.375,"کردستان",704,610,94,0.133522727272727
1400,6,1400.45833333333,"کردستان",1073,585.8,487.2,0.454054054054054
1401,6,1401.45833333333,"کردستان",706,585.8,120.2,0.170254957507082
1399,7,1399.54166666667,"کردستان",841,572.6,268.4,0.319143876337693
1400,7,1400.54166666667,"کردستان",1128,572.6,555.4,0.492375886524823
1399,8,1399.625,"کردستان",1700,563,1137,0.668823529411765
1400,8,1400.625,"کردستان",943,563,380,0.402969247083775
1399,9,1399.70833333333,"کردستان",1158,632,526,0.454231433506045
1400,9,1400.70833333333,"کردستان",862,632,230,0.266821345707657
1399,10,1399.79166666667,"کردستان",830,648.25,181.75,0.218975903614458
1400,12,1400.95833333333,"کردستان",912,618,294,0.322368421052632
1400,2,1400.125,"کرمان",1486,1137.2,348.8,0.234724091520861
1399,3,1399.20833333333,"کرمان",1291,1033,258,0.199845081332301
1400,3,1400.20833333333,"کرمان",1361,1033,328,0.240999265246143
1399,4,1399.29166666667,"کرمان",1618,1027,591,0.365265760197775
1400,4,1400.29166666667,"کرمان",1339,1027,312,0.233009708737864
1401,4,1401.29166666667,"کرمان",1332,1027,305,0.228978978978979
1399,5,1399.375,"کرمان",1855,1035.2,819.8,0.441940700808625
1400,5,1400.375,"کرمان",1835,1035.2,799.8,0.435858310626703
1399,6,1399.45833333333,"کرمان",1312,1028.8,283.2,0.215853658536585
1400,6,1400.45833333333,"کرمان",2562,1028.8,1533.2,0.598438719750195
1401,6,1401.45833333333,"کرمان",1204,1028.8,175.2,0.145514950166113
1400,7,1400.54166666667,"کرمان",1599,1038.4,560.6,0.350594121325829
1399,8,1399.625,"کرمان",2152,1023.8,1128.2,0.524256505576208
1400,8,1400.625,"کرمان",1349,1023.8,325.2,0.241067457375834
1399,9,1399.70833333333,"کرمان",1933,1247.6,685.4,0.354578375581997
1400,12,1400.95833333333,"کرمان",1841,1174,667,0.3623030961434
1400,1,1400.04166666667,"کرمانشاه",1058,886.6,171.4,0.162003780718336
1400,2,1400.125,"کرمانشاه",1448,850.2,597.8,0.412845303867403
1401,2,1401.125,"کرمانشاه",1002,850.2,151.8,0.151497005988024
1399,3,1399.20833333333,"کرمانشاه",1198,861.2,336.8,0.281135225375626
1399,4,1399.29166666667,"کرمانشاه",1408,828.6,579.4,0.411505681818182
1400,4,1400.29166666667,"کرمانشاه",1038,828.6,209.4,0.201734104046243
1401,4,1401.29166666667,"کرمانشاه",1062,828.6,233.4,0.219774011299435
1399,5,1399.375,"کرمانشاه",1276,886.4,389.6,0.305329153605016
1400,5,1400.375,"کرمانشاه",1303,886.4,416.6,0.319723714504988
1401,5,1401.375,"کرمانشاه",1036,886.4,149.6,0.144401544401544
1400,6,1400.45833333333,"کرمانشاه",1999,893,1106,0.55327663831916
1401,6,1401.45833333333,"کرمانشاه",1046,893,153,0.146271510516252
1399,7,1399.54166666667,"کرمانشاه",1194,871.2,322.8,0.27035175879397
1400,7,1400.54166666667,"کرمانشاه",1673,871.2,801.8,0.47925881649731
1399,8,1399.625,"کرمانشاه",2246,872.6,1373.4,0.611487088156723
1400,8,1400.625,"کرمانشاه",1216,872.6,343.4,0.282401315789474
1399,9,1399.70833333333,"کرمانشاه",1432,1046.2,385.8,0.269413407821229
1400,12,1400.95833333333,"کرمانشاه",1487,890,597,0.401479488903833
1400,1,1400.04166666667,"کهگيلويه و بويراحمد",337,221.2,115.8,0.343620178041543
1401,1,1401.04166666667,"کهگيلويه و بويراحمد",277,221.2,55.8,0.2014440433213
1400,2,1400.125,"کهگيلويه و بويراحمد",435,213.4,221.6,0.509425287356322
1400,3,1400.20833333333,"کهگيلويه و بويراحمد",267,204.4,62.6,0.234456928838951
1399,4,1399.29166666667,"کهگيلويه و بويراحمد",288,214.8,73.2,0.254166666666667
1400,4,1400.29166666667,"کهگيلويه و بويراحمد",250,214.8,35.2,0.1408
1399,5,1399.375,"کهگيلويه و بويراحمد",327,203.2,123.8,0.378593272171254
1400,5,1400.375,"کهگيلويه و بويراحمد",322,203.2,118.8,0.368944099378882
1401,5,1401.375,"کهگيلويه و بويراحمد",232,203.2,28.8,0.124137931034483
1399,6,1399.45833333333,"کهگيلويه و بويراحمد",278,225.4,52.6,0.189208633093525
1400,6,1400.45833333333,"کهگيلويه و بويراحمد",497,225.4,271.6,0.546478873239437
1399,7,1399.54166666667,"کهگيلويه و بويراحمد",313,227.6,85.4,0.272843450479233
1400,7,1400.54166666667,"کهگيلويه و بويراحمد",322,227.6,94.4,0.293167701863354
1399,8,1399.625,"کهگيلويه و بويراحمد",390,219.8,170.2,0.436410256410256
1400,8,1400.625,"کهگيلويه و بويراحمد",270,219.8,50.2,0.185925925925926
1399,9,1399.70833333333,"کهگيلويه و بويراحمد",347,257.6,89.4,0.257636887608069
1399,10,1399.79166666667,"کهگيلويه و بويراحمد",309,228.25,80.75,0.261326860841424
1400,12,1400.95833333333,"کهگيلويه و بويراحمد",355,235,120,0.338028169014085
1399,1,1399.04166666667,"گلستان",1124,888.799999999988,235.200000000012,0.209252669039156
1399,2,1399.125,"گلستان",847,691,156,0.18417945690673
1400,2,1400.125,"گلستان",1077,691,386,0.358402971216342
1399,3,1399.20833333333,"گلستان",806,661.2,144.8,0.179652605459057
1400,3,1400.20833333333,"گلستان",787,661.2,125.8,0.15984752223634
1401,3,1401.20833333333,"گلستان",820,661.2,158.8,0.193658536585366
1399,4,1399.29166666667,"گلستان",1226,684,542,0.442088091353997
1400,4,1400.29166666667,"گلستان",910,684,226,0.248351648351648
1401,4,1401.29166666667,"گلستان",837,684,153,0.182795698924731
1399,5,1399.375,"گلستان",1289,696.8,592.2,0.459425911559348
1400,5,1400.375,"گلستان",1826,696.8,1129.2,0.618400876232202
1401,5,1401.375,"گلستان",831,696.8,134.2,0.161492178098676
1399,6,1399.45833333333,"گلستان",785,709,76,0.0968152866242038
1400,6,1400.45833333333,"گلستان",2143,709,1434,0.669155389640691
1401,6,1401.45833333333,"گلستان",832,709,123,0.147836538461538
1400,7,1400.54166666667,"گلستان",960,706.4,253.6,0.264166666666667
1399,8,1399.625,"گلستان",1045,692,353,0.337799043062201
1400,8,1400.625,"گلستان",814,692,122,0.14987714987715
1399,9,1399.70833333333,"گلستان",1085,779.8,305.2,0.281290322580645
1399,10,1399.79166666667,"گلستان",1110,763.25,346.75,0.312387387387387
1400,12,1400.95833333333,"گلستان",1187,760.8,426.2,0.359056444818871
1399,1,1399.04166666667,"گيلان",2183,1689.59999999999,493.400000000009,0.226019239578566
1399,2,1399.125,"گيلان",1606,1350.2,255.8,0.159277708592777
1400,2,1400.125,"گيلان",2037,1350.2,686.8,0.337162493863525
1401,3,1401.20833333333,"گيلان",1549,1233.6,315.4,0.203615235635894
1399,4,1399.29166666667,"گيلان",1528,1262.8,265.2,0.173560209424084
1401,4,1401.29166666667,"گيلان",1482,1262.8,219.2,0.147908232118758
1399,5,1399.375,"گيلان",1610,1309.2,300.8,0.186832298136646
1400,5,1400.375,"گيلان",2245,1309.2,935.8,0.416837416481069
1400,6,1400.45833333333,"گيلان",3069,1371.6,1697.4,0.553079178885631
1400,7,1400.54166666667,"گيلان",1712,1310.2,401.8,0.234696261682243
1399,8,1399.625,"گيلان",1747,1327.4,419.6,0.240183171150544
1400,8,1400.625,"گيلان",1432,1327.4,104.6,0.0730446927374301
1399,10,1399.79166666667,"گيلان",1762,1417,345,0.195800227014756
1398,12,1398.95833333333,"گيلان",2197,1363.6,833.4,0.379335457441966
1399,12,1399.95833333333,"گيلان",1708,1363.6,344.4,0.201639344262295
1400,12,1400.95833333333,"گيلان",2184,1363.6,820.4,0.375641025641026
1400,2,1400.125,"لرستان",1400,729,671,0.479285714285714
1399,3,1399.20833333333,"لرستان",915,693.6,221.4,0.241967213114754
1400,3,1400.20833333333,"لرستان",882,693.6,188.4,0.213605442176871
1399,4,1399.29166666667,"لرستان",1197,675.4,521.6,0.435756056808688
1401,4,1401.29166666667,"لرستان",792,675.4,116.6,0.147222222222222
1399,5,1399.375,"لرستان",1133,753.4,379.6,0.335039717563989
1400,5,1400.375,"لرستان",908,753.4,154.6,0.170264317180617
1399,6,1399.45833333333,"لرستان",884,727.8,156.2,0.176696832579186
1400,6,1400.45833333333,"لرستان",1598,727.8,870.2,0.544555694618273
1399,7,1399.54166666667,"لرستان",1010,720.2,289.8,0.286930693069307
1400,7,1400.54166666667,"لرستان",1097,720.2,376.8,0.343482224247949
1399,8,1399.625,"لرستان",1377,669.4,707.6,0.513870733478577
1400,8,1400.625,"لرستان",816,669.4,146.6,0.179656862745098
1399,9,1399.70833333333,"لرستان",1059,765.8,293.2,0.276864966949953
1399,10,1399.79166666667,"لرستان",905,699.5,205.5,0.22707182320442
1400,12,1400.95833333333,"لرستان",1024,678.8,345.2,0.337109375
1399,1,1399.04166666667,"مازندران",2298,1629.99999999999,668.000000000015,0.290687554395133
1399,2,1399.125,"مازندران",1618,1306,312,0.19283065512979
1400,2,1400.125,"مازندران",2038,1306,732,0.359175662414132
1401,3,1401.20833333333,"مازندران",1522,1246.4,275.6,0.18107752956636
1399,4,1399.29166666667,"مازندران",1634,1210,424,0.259485924112607
1400,4,1400.29166666667,"مازندران",1392,1210,182,0.130747126436782
1401,4,1401.29166666667,"مازندران",1593,1210,383,0.240426867545512
1399,5,1399.375,"مازندران",2468,1360,1108,0.448946515397083
1400,5,1400.375,"مازندران",2639,1360,1279,0.484653277756726
1401,5,1401.375,"مازندران",1604,1360,244,0.15211970074813
1399,6,1399.45833333333,"مازندران",1636,1338,298,0.182151589242054
1400,6,1400.45833333333,"مازندران",3233,1338,1895,0.586142901330034
1400,7,1400.54166666667,"مازندران",1874,1407.2,466.8,0.249092849519744
1399,8,1399.625,"مازندران",1805,1318.6,486.4,0.269473684210526
1400,8,1400.625,"مازندران",1410,1318.6,91.4000000000001,0.0648226950354611
1399,10,1399.79166666667,"مازندران",2185,1393,792,0.362471395881007
1399,12,1399.95833333333,"مازندران",1808,1387.4,420.6,0.232632743362832
1400,12,1400.95833333333,"مازندران",2360,1387.4,972.6,0.412118644067797
1400,2,1400.125,"مرکزي",1311,628.4,682.6,0.520671243325706
1399,4,1399.29166666667,"مرکزي",876,583,293,0.334474885844749
1400,4,1400.29166666667,"مرکزي",698,583,115,0.164756446991404
1401,4,1401.29166666667,"مرکزي",729,583,146,0.200274348422497
1399,5,1399.375,"مرکزي",1033,654.2,378.8,0.366698935140368
1400,5,1400.375,"مرکزي",890,654.2,235.8,0.264943820224719
1399,6,1399.45833333333,"مرکزي",784,637.4,146.6,0.186989795918367
1400,6,1400.45833333333,"مرکزي",1172,637.4,534.6,0.456143344709898
1399,7,1399.54166666667,"مرکزي",995,640.8,354.2,0.355979899497487
1400,7,1400.54166666667,"مرکزي",1015,640.8,374.2,0.368669950738916
1399,8,1399.625,"مرکزي",1597,609.8,987.2,0.618159048215404
1400,8,1400.625,"مرکزي",735,609.8,125.2,0.170340136054422
1399,9,1399.70833333333,"مرکزي",921,684.8,236.2,0.256460369163952
1400,11,1400.875,"مرکزي",823,672.4,150.6,0.182989064398542
1400,12,1400.95833333333,"مرکزي",922,626.6,295.4,0.320390455531453
1400,2,1400.125,"هرمزگان",768,519.8,248.2,0.323177083333333
1399,3,1399.20833333333,"هرمزگان",626,464.6,161.4,0.257827476038339
1400,3,1400.20833333333,"هرمزگان",679,464.6,214.4,0.315758468335788
1401,3,1401.20833333333,"هرمزگان",576,464.6,111.4,0.193402777777778
1399,4,1399.29166666667,"هرمزگان",1082,472.8,609.2,0.563031423290203
1400,4,1400.29166666667,"هرمزگان",703,472.8,230.2,0.327453769559033
1401,4,1401.29166666667,"هرمزگان",562,472.8,89.2,0.158718861209964
1399,5,1399.375,"هرمزگان",913,509.2,403.8,0.442278203723987
1400,5,1400.375,"هرمزگان",980,509.2,470.8,0.480408163265306
1399,6,1399.45833333333,"هرمزگان",658,493,165,0.250759878419453
1400,6,1400.45833333333,"هرمزگان",1171,493,678,0.578992314261315
1399,8,1399.625,"هرمزگان",700,516.8,183.2,0.261714285714286
1400,12,1400.95833333333,"هرمزگان",850,586.2,263.8,0.310352941176471
1400,2,1400.125,"همدان",1855,819.6,1035.4,0.558167115902965
1399,3,1399.20833333333,"همدان",976,759,217,0.222336065573771
1400,3,1400.20833333333,"همدان",995,759,236,0.237185929648241
1401,3,1401.20833333333,"همدان",956,759,197,0.206066945606695
1399,4,1399.29166666667,"همدان",1397,809.4,587.6,0.420615604867573
1401,4,1401.29166666667,"همدان",1014,809.4,204.6,0.201775147928994
1399,5,1399.375,"همدان",1426,860.2,565.8,0.396774193548387
1400,5,1400.375,"همدان",1165,860.2,304.8,0.261630901287554
1401,5,1401.375,"همدان",973,860.2,112.8,0.115930113052415
1399,6,1399.45833333333,"همدان",911,833,78,0.0856201975850713
1400,6,1400.45833333333,"همدان",1669,833,836,0.500898741761534
1401,6,1401.45833333333,"همدان",943,833,110,0.116648992576882
1399,7,1399.54166666667,"همدان",1238,855,383,0.309369951534733
1400,7,1400.54166666667,"همدان",1351,855,496,0.367135455218357
1399,8,1399.625,"همدان",1698,820.4,877.6,0.516843345111896
1400,8,1400.625,"همدان",1100,820.4,279.6,0.254181818181818
1399,9,1399.70833333333,"همدان",1206,896.2,309.8,0.256882255389718
1399,12,1399.95833333333,"همدان",1024,838.8,185.2,0.180859375
1400,12,1400.95833333333,"همدان",1350,838.8,511.2,0.378666666666667
1399,1,1399.04166666667,"يزد",562,463,99,0.176156583629893
1400,2,1400.125,"يزد",487,380,107,0.219712525667351
1399,4,1399.29166666667,"يزد",527,364.6,162.4,0.308159392789374
1400,4,1400.29166666667,"يزد",462,364.6,97.4,0.210822510822511
1401,4,1401.29166666667,"يزد",466,364.6,101.4,0.217596566523605
1399,5,1399.375,"يزد",577,367.2,209.8,0.363604852686308
1400,5,1400.375,"يزد",650,367.2,282.8,0.435076923076923
1401,5,1401.375,"يزد",479,367.2,111.8,0.233402922755741
1399,6,1399.45833333333,"يزد",479,392,87,0.181628392484342
1400,6,1400.45833333333,"يزد",621,392,229,0.368760064412238
1401,6,1401.45833333333,"يزد",487,392,95,0.195071868583162
1399,7,1399.54166666667,"يزد",471,374.2,96.8,0.20552016985138
1400,7,1400.54166666667,"يزد",530,374.2,155.8,0.293962264150943
1399,8,1399.625,"يزد",1400,423.299999999999,976.700000000001,0.697642857142858
1399,9,1399.70833333333,"يزد",899,445.4,453.6,0.504560622914349
1400,11,1400.875,"يزد",454,415,39,0.0859030837004405
1400,12,1400.95833333333,"يزد",630,383.6,246.4,0.391111111111111
